public_filename,plane_projection,url
https://prod-images-static.radiopaedia.org/images/64141176/f172cae3c2d99bc31da567e65eb0eb9f1e6cd4aa657ea3d40efb069e2f4aa2bc.png,Frontal,https://radiopaedia.org/cases/situs-inversus-totalis-22?lang=us
https://prod-images-static.radiopaedia.org/images/64056188/3bf9445a137d94a6d3189589bc3828fbe3a1777c25f221f3e1c708ed74fc98e2.png,Frontal,https://radiopaedia.org/cases/schatzker-type-v-tibial-plateau-fracture-with-head-of-fibula-fracture-7?lang=us
https://prod-images-static.radiopaedia.org/images/64056187/0859cc09468e6b7636913fd80bf9939ed633ffa1e0b1e013696d110d59af07a7.png,Lateral,https://radiopaedia.org/cases/schatzker-type-v-tibial-plateau-fracture-with-head-of-fibula-fracture-7?lang=us
https://prod-images-static.radiopaedia.org/images/64137731/bdc563758d3f0ad424e286da5b6f73b6c4c92515889e0985f5bba051d0e2a7d1.png,Frontal,https://radiopaedia.org/cases/usual-interstitial-pneumonitis-4?lang=us
https://prod-images-static.radiopaedia.org/images/64137144/0461a59e0b682e6aabfa9e8ad2e7ec13c4ee068d832de9b85985f19aad6ee8ed.png,Frontal,https://radiopaedia.org/cases/radial-head-fracture-59?lang=us
https://prod-images-static.radiopaedia.org/images/64137145/65f3598a2b246ec1f4cc0e1ae052461786a1eaca1c43775ad314d689b2a14bcf.png,Lateral,https://radiopaedia.org/cases/radial-head-fracture-59?lang=us
https://prod-images-static.radiopaedia.org/images/64137146/ec2e7580df01baf3f40b9c4e1d6b0646f0346716b23242fde16c03e04810322a.png,internal rotation,https://radiopaedia.org/cases/radial-head-fracture-59?lang=us
https://prod-images-static.radiopaedia.org/images/64137147/bf4993394422b3cb26e39daa32e38c9c2de8c2b4d575b79402c998bc1bdc0eee.png,external rotation ,https://radiopaedia.org/cases/radial-head-fracture-59?lang=us
https://prod-images-static.radiopaedia.org/images/55806838/1.PNG,Frontal,https://radiopaedia.org/cases/metatarsal-fracture-14?lang=us
https://prod-images-static.radiopaedia.org/images/55806839/2.PNG,Lateral,https://radiopaedia.org/cases/metatarsal-fracture-14?lang=us
https://prod-images-static.radiopaedia.org/images/64014834/1c258ecd11f9a06562d654a749a56723d46c11149b096db8d245aa9c14614246.mp4,,https://radiopaedia.org/cases/swallowing-fetus-ultrasound-clip?lang=us
https://prod-images-static.radiopaedia.org/images/64077557/161c201ef0a3b6a8e1c32fc0483f237f633cb10dd7ac71acbcb10a5ea8c5f865.png,Ultrasound,https://radiopaedia.org/cases/cystic-hygroma-antenatal-2?lang=us
https://prod-images-static.radiopaedia.org/images/64077558/243d3f874889d017c7bffcce4f7c7735625ec58ceeeb542f5db67bf6dcf62ab6.png,Ultrasound,https://radiopaedia.org/cases/cystic-hygroma-antenatal-2?lang=us
https://prod-images-static.radiopaedia.org/images/64077559/b8df34c4a4f9853cb09320e5f1af6d7bcf71b8e6c05f88690a9aff3ba2ffce1f.png,Ultrasound,https://radiopaedia.org/cases/cystic-hygroma-antenatal-2?lang=us
https://prod-images-static.radiopaedia.org/images/64077560/ea20cc4284ce1627a75d9bc5b46672b4b21c00c0eeea3fe22d3f659af274ac73.png,Ultrasound,https://radiopaedia.org/cases/cystic-hygroma-antenatal-2?lang=us
https://prod-images-static.radiopaedia.org/images/64102408/605ebcf3e2d0b5084f79681cb207fd74a42d673bfcb1ae7cc8522f2682907713.mp4,,https://radiopaedia.org/cases/cystic-hygroma-antenatal-2?lang=us
https://prod-images-static.radiopaedia.org/images/64012934/e078858825f3552b7f02da32c727af8f487d197e92b1c8d254e9968870e41e69.png,Frontal,https://radiopaedia.org/cases/lunate-replacement?lang=us
https://prod-images-static.radiopaedia.org/images/64012935/055f87f554e65c774157e630610052cf1a45fe08e8116c8897f40cd4ae6aed3f.png,Lateral,https://radiopaedia.org/cases/lunate-replacement?lang=us
https://prod-images-static.radiopaedia.org/images/62794215/52329cc57da40c589a95473b6d187126740cd6287b42a97f9d4037a2448cb52c.png,Transverse,https://radiopaedia.org/cases/uterine-arteriovenous-malformation-6?lang=us
https://prod-images-static.radiopaedia.org/images/62794214/b3cea701c790ccd0585d2348c9433d2a03759fcd582e07c66286be9eb4e7fea5.png,Transverse,https://radiopaedia.org/cases/uterine-arteriovenous-malformation-6?lang=us
https://prod-images-static.radiopaedia.org/images/62794213/2cdfcc31025a5f955a3eb747cbad7d255070fec96ca27deb36480d826e3efbf3.png,Transverse,https://radiopaedia.org/cases/uterine-arteriovenous-malformation-6?lang=us
https://prod-images-static.radiopaedia.org/images/62794212/e0a8151157aad1a5eaae47368b48f0b290b26f51f23688eb76274ab3e71ed52c.png,Longitudinal,https://radiopaedia.org/cases/uterine-arteriovenous-malformation-6?lang=us
https://prod-images-static.radiopaedia.org/images/62794211/c5aa358612229c668b51d9b645a6b0a077ad930ad6f2b820f6839d35976b3bc9.png,Longitudinal,https://radiopaedia.org/cases/uterine-arteriovenous-malformation-6?lang=us
https://prod-images-static.radiopaedia.org/images/62794216/159f5cb080deecd15b335434367f24f60725cf73c9bd8a5a9ecd76d4b3860f4d.png,,https://radiopaedia.org/cases/uterine-arteriovenous-malformation-6?lang=us
https://prod-images-static.radiopaedia.org/images/62794217/61997347a7170d49f5dbe9f93260d09eba05b7b7a204bf0741014117d69fa13f.png,,https://radiopaedia.org/cases/uterine-arteriovenous-malformation-6?lang=us
https://prod-images-static.radiopaedia.org/images/64102417/09da3f0f26c1e526cd8c3ca6c5319685e13bcee74c342bdad0de0045d817d5fa.png,Transverse,https://radiopaedia.org/cases/urinary-bladder-diverticulum-13?lang=us
